"id","code","name","user_type_id:id","reconcile","chart_template_id:id"
"t100",100,"Kasa","account.data_account_type_liquidity","FALSE","l10n_tr_chart.tr_chart_template"
"t101",101,"Alınan Çekler","account.data_account_type_current_assets","FALSE","l10n_tr_chart.tr_chart_template"
"t102",102,"Bankalar","account.data_account_type_liquidity","FALSE","l10n_tr_chart.tr_chart_template"
"t103",103,"Verilen Çekler ve Ödeme Emirleri (-)","account.data_account_type_current_assets","FALSE","l10n_tr_chart.tr_chart_template"
"t108",108,"Diğer Hazır Değerler","account.data_account_type_current_assets","FALSE","l10n_tr_chart.tr_chart_template"
"t110",110,"Hisse Senetleri","account.data_account_type_current_assets","FALSE","l10n_tr_chart.tr_chart_template"
"t111",111,"Özel Kesim Tahvil Senet Ve Bonoları","account.data_account_type_current_assets","FALSE","l10n_tr_chart.tr_chart_template"
"t112",112,"Kamu Kesimi Tahvil, Senet ve Bonoları","account.data_account_type_current_assets","FALSE","l10n_tr_chart.tr_chart_template"
"t118",118,"Diğer Menkul Kıymetler","account.data_account_type_current_assets","FALSE","l10n_tr_chart.tr_chart_template"
"t119",119,"Menkul Kıymetler Değer Düşüklüğü Karşılığı (-)","account.data_account_type_current_assets","FALSE","l10n_tr_chart.tr_chart_template"
"t120",120,"Alıcılar","account.data_account_type_receivable","TRUE","l10n_tr_chart.tr_chart_template"
"t121",121,"Alacak Senetleri","account.data_account_type_current_assets","FALSE","l10n_tr_chart.tr_chart_template"
"t122",122,"Alacak Senetleri Reeskontu (-)","account.data_account_type_current_assets","FALSE","l10n_tr_chart.tr_chart_template"
"t126",126,"Verilen Depozito ve Teminatlar","account.data_account_type_current_assets","FALSE","l10n_tr_chart.tr_chart_template"
"t128",128,"Şüpheli Ticari Alacaklar","account.data_account_type_current_assets","FALSE","l10n_tr_chart.tr_chart_template"
"t129",129,"Şüpheli Ticari Alacaklar Karşılığı (-)","account.data_account_type_current_assets","FALSE","l10n_tr_chart.tr_chart_template"
"t131",131,"Ortaklardan Alacaklar","account.data_account_type_current_assets","FALSE","l10n_tr_chart.tr_chart_template"
"t132",132,"İştiraklerden Alacaklar","account.data_account_type_current_assets","FALSE","l10n_tr_chart.tr_chart_template"
"t133",133,"Bağlı Ortaklıklardan Alacaklar","account.data_account_type_current_assets","FALSE","l10n_tr_chart.tr_chart_template"
"t135",135,"Personelden Alacaklar","account.data_account_type_current_assets","FALSE","l10n_tr_chart.tr_chart_template"
"t136",136,"Diğer Çeşitli Alacaklar","account.data_account_type_current_assets","FALSE","l10n_tr_chart.tr_chart_template"
"t137",137,"Diğer Alacak Senetleri Reeskontu (-)","account.data_account_type_current_assets","FALSE","l10n_tr_chart.tr_chart_template"
"t138",138,"Şüpheli Diğer Alacaklar","account.data_account_type_current_assets","FALSE","l10n_tr_chart.tr_chart_template"
"t139",139,"Şüpheli Diğer Alacaklar Karşılığı (-)","account.data_account_type_current_assets","FALSE","l10n_tr_chart.tr_chart_template"
"t150",150,"İlk Madde ve Malzeme","account.data_account_type_current_assets","FALSE","l10n_tr_chart.tr_chart_template"
"t151",151,"Yarı Mamuller - Üretim","account.data_account_type_current_assets","FALSE","l10n_tr_chart.tr_chart_template"
"t152",152,"Mamüller","account.data_account_type_current_assets","FALSE","l10n_tr_chart.tr_chart_template"
"t153",153,"Ticari Mallar","account.data_account_type_current_assets","FALSE","l10n_tr_chart.tr_chart_template"
"t157",157,"Diğer Stoklar","account.data_account_type_current_assets","FALSE","l10n_tr_chart.tr_chart_template"
"t158",158,"Stok Değer Düşüklüğü Karşılığı (-)","account.data_account_type_current_assets","FALSE","l10n_tr_chart.tr_chart_template"
"t159",159,"Verilen Sipariş Avansları","account.data_account_type_current_assets","FALSE","l10n_tr_chart.tr_chart_template"
"t180",180,"Gelecek Aylara Ait Giderler","account.data_account_type_expenses","FALSE","l10n_tr_chart.tr_chart_template"
"t181",181,"Gelir Tahakkukları","account.data_account_type_expenses","FALSE","l10n_tr_chart.tr_chart_template"
"t191",191,"İndirilecek Katma Değer Vergisi","account.data_account_type_current_assets","FALSE","l10n_tr_chart.tr_chart_template"
"t192",192,"Diğer Katma Değer Vergisi","account.data_account_type_expenses","FALSE","l10n_tr_chart.tr_chart_template"
"t193",193,"Peşin Ödenen Vergiler Ve Fonlar","account.data_account_type_expenses","FALSE","l10n_tr_chart.tr_chart_template"
"t196",196,"Personel Avansları","account.data_account_type_expenses","FALSE","l10n_tr_chart.tr_chart_template"
"t197",197,"Sayım Ve Tesellüm Noksanları","account.data_account_type_expenses","FALSE","l10n_tr_chart.tr_chart_template"
"t198",198,"Diğer Çeşitli Dönen Varlıklar","account.data_account_type_expenses","FALSE","l10n_tr_chart.tr_chart_template"
"t199",199,"Diğer Dönen Varlıklar Karşılığı (-)","account.data_account_type_expenses","FALSE","l10n_tr_chart.tr_chart_template"
"t220",220,"Alıcılar","account.data_account_type_fixed_assets","FALSE","l10n_tr_chart.tr_chart_template"
"t221",221,"Alacak Senetleri","account.data_account_type_fixed_assets","FALSE","l10n_tr_chart.tr_chart_template"
"t222",222,"Alacak Senetleri Reeskontu (-)","account.data_account_type_fixed_assets","FALSE","l10n_tr_chart.tr_chart_template"
"t226",226,"Verilen Depozito Ve Teminatlar","account.data_account_type_fixed_assets","FALSE","l10n_tr_chart.tr_chart_template"
"t229",229,"Şüpheli Ticari Alacaklar Karşılığı (-)","account.data_account_type_fixed_assets","FALSE","l10n_tr_chart.tr_chart_template"
"t230",230,"Ortaklardan Alacaklar","account.data_account_type_fixed_assets","FALSE","l10n_tr_chart.tr_chart_template"
"t231",231,"İştiraklerden Alacaklar","account.data_account_type_fixed_assets","FALSE","l10n_tr_chart.tr_chart_template"
"t232",232,"Bağlı Ortaklıklardan Alacaklar","account.data_account_type_fixed_assets","FALSE","l10n_tr_chart.tr_chart_template"
"t235",235,"Personelden Alacaklar","account.data_account_type_fixed_assets","FALSE","l10n_tr_chart.tr_chart_template"
"t236",236,"Diğer Çeşitli Alacaklar","account.data_account_type_fixed_assets","FALSE","l10n_tr_chart.tr_chart_template"
"t237",237,"Diğer Alacak Senetleri Reeskontu (-)","account.data_account_type_fixed_assets","FALSE","l10n_tr_chart.tr_chart_template"
"t239",239,"Şüpheli Diğer Alacaklar Karşılığı (-)","account.data_account_type_fixed_assets","FALSE","l10n_tr_chart.tr_chart_template"
"t240",240,"Bağlı Menkul Kıymetler","account.data_account_type_fixed_assets","FALSE","l10n_tr_chart.tr_chart_template"
"t241",241,"Bağlı Menkul Kıymetler Değer Düşüklüğü Karşılığı (-)","account.data_account_type_fixed_assets","FALSE","l10n_tr_chart.tr_chart_template"
"t242",242,"İştirakler","account.data_account_type_fixed_assets","FALSE","l10n_tr_chart.tr_chart_template"
"t243",243,"İştiraklere Sermaye Taahhütleri (-)","account.data_account_type_fixed_assets","FALSE","l10n_tr_chart.tr_chart_template"
"t244",244,"İştirakler Sermaye Payları Değer Düşüklüğü Karşılığı (-)","account.data_account_type_fixed_assets","FALSE","l10n_tr_chart.tr_chart_template"
"t245",245,"Bağlı Ortaklıklar","account.data_account_type_fixed_assets","FALSE","l10n_tr_chart.tr_chart_template"
"t246",246,"Bağlı Ortaklıklara Sermaye Taahhütleri (-)","account.data_account_type_fixed_assets","FALSE","l10n_tr_chart.tr_chart_template"
"t247",247,"Bağlı Ortaklıklar Sermaye Payları Değer Düşüklüğü Karşılığı (-)","account.data_account_type_fixed_assets","FALSE","l10n_tr_chart.tr_chart_template"
"t248",248,"Diğer Mali Duran Varlıklar","account.data_account_type_fixed_assets","FALSE","l10n_tr_chart.tr_chart_template"
"t249",249,"Diğer Mali Duran Varlıklar Karşılığı (-)","account.data_account_type_fixed_assets","FALSE","l10n_tr_chart.tr_chart_template"
"t250",250,"Arazi Ve Arsalar","account.data_account_type_fixed_assets","FALSE","l10n_tr_chart.tr_chart_template"
"t251",251,"Yer Altı Ve Yer Üstü Düzenleri","account.data_account_type_fixed_assets","FALSE","l10n_tr_chart.tr_chart_template"
"t252",252,"Binalar","account.data_account_type_fixed_assets","FALSE","l10n_tr_chart.tr_chart_template"
"t253",253,"Tesis, Makine Ve Cihazlar","account.data_account_type_fixed_assets","FALSE","l10n_tr_chart.tr_chart_template"
"t254",254,"Taşıtlar","account.data_account_type_fixed_assets","FALSE","l10n_tr_chart.tr_chart_template"
"t255",255,"Demirbaşlar","account.data_account_type_fixed_assets","FALSE","l10n_tr_chart.tr_chart_template"
"t256",256,"Diğer Maddi Duran Varlıklar","account.data_account_type_fixed_assets","FALSE","l10n_tr_chart.tr_chart_template"
"t257",257,"Birikmiş Amortismanlar (-)","account.data_account_type_depreciation","FALSE","l10n_tr_chart.tr_chart_template"
"t258",258,"Yapılmakta Olan Yatırımlar","account.data_account_type_fixed_assets","FALSE","l10n_tr_chart.tr_chart_template"
"t259",259,"Verilen Avanslar","account.data_account_type_expenses","FALSE","l10n_tr_chart.tr_chart_template"
"t260",260,"Haklar","account.data_account_type_fixed_assets","FALSE","l10n_tr_chart.tr_chart_template"
"t261",261,"Şerefiye","account.data_account_type_fixed_assets","FALSE","l10n_tr_chart.tr_chart_template"
"t262",262,"Kuruluş Ve Örgütlenme Giderleri","account.data_account_type_expenses","FALSE","l10n_tr_chart.tr_chart_template"
"t263",263,"Araştırma Ve Geliştirme Giderleri","account.data_account_type_expenses","FALSE","l10n_tr_chart.tr_chart_template"
"t264",264,"Özel Maliyetler","account.data_account_type_expenses","FALSE","l10n_tr_chart.tr_chart_template"
"t267",267,"Diğer Maddi Olmayan Duran Varlıklar","account.data_account_type_fixed_assets","FALSE","l10n_tr_chart.tr_chart_template"
"t268",268,"Birikmiş Amortismanlar (-)","account.data_account_type_depreciation","FALSE","l10n_tr_chart.tr_chart_template"
"t269",269,"Verilen Avanslar","account.data_account_type_fixed_assets","FALSE","l10n_tr_chart.tr_chart_template"
"t271",271,"Arama Giderleri","account.data_account_type_expenses","FALSE","l10n_tr_chart.tr_chart_template"
"t272",272,"Hazırlık Ve Geliştirme Giderleri","account.data_account_type_expenses","FALSE","l10n_tr_chart.tr_chart_template"
"t277",277,"Diğer Özel Tükenmeye Tabi Varlıklar","account.data_account_type_expenses","FALSE","l10n_tr_chart.tr_chart_template"
"t278",278,"Birikmiş Tükenme Payları (-)","account.data_account_type_expenses","FALSE","l10n_tr_chart.tr_chart_template"
"t279",279,"Verilen Avanslar","account.data_account_type_expenses","FALSE","l10n_tr_chart.tr_chart_template"
"t280",280,"Gelecek Yıllara Ait Giderler","account.data_account_type_expenses","FALSE","l10n_tr_chart.tr_chart_template"
"t281",281,"Gelir Tahakkukları","account.data_account_type_expenses","FALSE","l10n_tr_chart.tr_chart_template"
"t291",291,"Gelecek Yıllarda İndirilecek Katma Değer Vergisi","account.data_account_type_current_assets","FALSE","l10n_tr_chart.tr_chart_template"
"t292",292,"Diğer Katma Değer Vergisi","account.data_account_type_current_assets","FALSE","l10n_tr_chart.tr_chart_template"
"t293",293,"Gelecek Yıllar İhtiyacı Stoklar","account.data_account_type_current_assets","FALSE","l10n_tr_chart.tr_chart_template"
"t294",294,"Elden Çıkarılacak Stoklar Ve Maddi Duran Varlıklar","account.data_account_type_current_assets","FALSE","l10n_tr_chart.tr_chart_template"
"t297",297,"Diğer Çeşitli Duran Varlıklar","account.data_account_type_current_assets","FALSE","l10n_tr_chart.tr_chart_template"
"t298",298,"Stok Değer Düşüklüğü Karşılığı (-)","account.data_account_type_current_assets","FALSE","l10n_tr_chart.tr_chart_template"
"t299",299,"Birikmiş Amortismanlar (-)","account.data_account_type_depreciation","FALSE","l10n_tr_chart.tr_chart_template"
"t300",300,"Banka Kredileri","account.data_account_type_current_liabilities","FALSE","l10n_tr_chart.tr_chart_template"
"t303",303,"Uzun Vadeli Kredilerin Anapara Taksitleri Ve Faizleri","account.data_account_type_current_liabilities","FALSE","l10n_tr_chart.tr_chart_template"
"t304",304,"Tahvil Anapara Borç, Taksit Ve Faizleri","account.data_account_type_current_liabilities","FALSE","l10n_tr_chart.tr_chart_template"
"t305",305,"Çıkarılmış Bonolar Ve Senetler","account.data_account_type_current_liabilities","FALSE","l10n_tr_chart.tr_chart_template"
"t306",306,"Çıkarılmış Diğer Menkul Kıymetler","account.data_account_type_current_liabilities","FALSE","l10n_tr_chart.tr_chart_template"
"t308",308,"Menkul Kıymetler İhraç Farkı (-)","account.data_account_type_current_liabilities","FALSE","l10n_tr_chart.tr_chart_template"
"t309",309,"Diğer Mali Borçlar","account.data_account_type_current_liabilities","FALSE","l10n_tr_chart.tr_chart_template"
"t320",320,"Satıcılar","account.data_account_type_payable","TRUE","l10n_tr_chart.tr_chart_template"
"t321",321,"Borç Senetleri","account.data_account_type_current_liabilities","FALSE","l10n_tr_chart.tr_chart_template"
"t322",322,"Borç Senetleri Reeskontu (-)","account.data_account_type_current_liabilities","FALSE","l10n_tr_chart.tr_chart_template"
"t326",326,"Alınan Depozito Ve Teminatlar","account.data_account_type_current_liabilities","FALSE","l10n_tr_chart.tr_chart_template"
"t329",329,"Diğer Ticari Borçlar","account.data_account_type_current_liabilities","FALSE","l10n_tr_chart.tr_chart_template"
"t331",331,"Ortaklara Borçlar","account.data_account_type_current_liabilities","FALSE","l10n_tr_chart.tr_chart_template"
"t332",332,"İştiraklere Borçlar","account.data_account_type_current_liabilities","FALSE","l10n_tr_chart.tr_chart_template"
"t333",333,"Bağlı Ortaklıklara Borçlar","account.data_account_type_current_liabilities","FALSE","l10n_tr_chart.tr_chart_template"
"t335",335,"Personele Borçlar","account.data_account_type_current_liabilities","FALSE","l10n_tr_chart.tr_chart_template"
"t337",337,"Diğer Borç Senetleri Reeskontu (-)","account.data_account_type_current_liabilities","FALSE","l10n_tr_chart.tr_chart_template"
"t339",339,"Diğer Çeşitli Borçlar","account.data_account_type_current_liabilities","FALSE","l10n_tr_chart.tr_chart_template"
"t340",340,"Alınan Sipariş Avansları","account.data_account_type_current_liabilities","FALSE","l10n_tr_chart.tr_chart_template"
"t349",349,"Alınan Diğer Avanslar","account.data_account_type_current_liabilities","FALSE","l10n_tr_chart.tr_chart_template"
"t360",360,"Ödenecek Vergi Ve Fonlar","account.data_account_type_current_liabilities","FALSE","l10n_tr_chart.tr_chart_template"
"t361",361,"Ödenecek Sosyal Güvenlük Kesintileri","account.data_account_type_current_liabilities","FALSE","l10n_tr_chart.tr_chart_template"
"t368",368,"Vadesi Geçmiş, Ertelenmiş Veya Taksitlendirilmiş Vergi Ve Diğer Yükümlülükler","account.data_account_type_current_liabilities","FALSE","l10n_tr_chart.tr_chart_template"
"t369",369,"Ödenecek Diğer Yükümlülükler","account.data_account_type_current_liabilities","FALSE","l10n_tr_chart.tr_chart_template"
"t370",370,"Dönem Kârı Vergi Ve Diğer Yasal Yükümlülük Karşılıkları","account.data_account_type_current_liabilities","FALSE","l10n_tr_chart.tr_chart_template"
"t371",371,"Dönem Kârının Peşin Ödenen Vergi Ve Diğer Yükümlülükleri (-)","account.data_account_type_current_liabilities","FALSE","l10n_tr_chart.tr_chart_template"
"t372",372,"Kıdem Tazminatı Karşılığı","account.data_account_type_current_liabilities","FALSE","l10n_tr_chart.tr_chart_template"
"t373",373,"Maliyet Giderleri Karşılığı","account.data_account_type_expenses","FALSE","l10n_tr_chart.tr_chart_template"
"t379",379,"Diğer Borç Ve Gider Karşılıkları","account.data_account_type_current_liabilities","FALSE","l10n_tr_chart.tr_chart_template"
"t380",380,"Gelecek Aylara Ait Gelirler","account.data_account_type_current_liabilities","FALSE","l10n_tr_chart.tr_chart_template"
"t381",381,"Gider Tahakkukları","account.data_account_type_current_liabilities","FALSE","l10n_tr_chart.tr_chart_template"
"t391",391,"Hesaplanan Katma Değer Vergisi","account.data_account_type_current_liabilities","FALSE","l10n_tr_chart.tr_chart_template"
"t392",392,"Diğer Katma Değer Vergisi","account.data_account_type_current_liabilities","FALSE","l10n_tr_chart.tr_chart_template"
"t398",398,"Sayım Ve Tesellüm Fazlaları","account.data_account_type_current_liabilities","FALSE","l10n_tr_chart.tr_chart_template"
"t399",399,"Diğer Çeşitli Yabancı Kaynaklar","account.data_account_type_current_liabilities","FALSE","l10n_tr_chart.tr_chart_template"
"t400",400,"Banka Kredileri","account.data_account_type_non_current_liabilities","FALSE","l10n_tr_chart.tr_chart_template"
"t405",405,"Çıkarılmış Tahviller","account.data_account_type_non_current_liabilities","FALSE","l10n_tr_chart.tr_chart_template"
"t407",407,"Çıkarılmış Diğer Menkul Kıymetler","account.data_account_type_non_current_liabilities","FALSE","l10n_tr_chart.tr_chart_template"
"t408",408,"Menkul Kıymetler İhraç Farkı (-)","account.data_account_type_non_current_liabilities","FALSE","l10n_tr_chart.tr_chart_template"
"t409",409,"Diğer Mali Borçlar","account.data_account_type_non_current_liabilities","FALSE","l10n_tr_chart.tr_chart_template"
"t420",420,"Satıcılar","account.data_account_type_non_current_liabilities","FALSE","l10n_tr_chart.tr_chart_template"
"t421",421,"Borç Senetleri","account.data_account_type_non_current_liabilities","FALSE","l10n_tr_chart.tr_chart_template"
"t422",422,"Borç Senetleri Reeskontu (-)","account.data_account_type_non_current_liabilities","FALSE","l10n_tr_chart.tr_chart_template"
"t426",426,"Alınan Depozito Ve Teminatlar","account.data_account_type_non_current_liabilities","FALSE","l10n_tr_chart.tr_chart_template"
"t429",429,"Diğer Ticari Borçlar","account.data_account_type_non_current_liabilities","FALSE","l10n_tr_chart.tr_chart_template"
"t431",431,"Ortaklara Borçlar","account.data_account_type_non_current_liabilities","FALSE","l10n_tr_chart.tr_chart_template"
"t432",432,"İştiraklere Borçlar","account.data_account_type_non_current_liabilities","FALSE","l10n_tr_chart.tr_chart_template"
"t433",433,"Bağlı Ortaklıklara Borçlar","account.data_account_type_non_current_liabilities","FALSE","l10n_tr_chart.tr_chart_template"
"t437",437,"Diğer Borç Senetleri Reeskontu (-)","account.data_account_type_non_current_liabilities","FALSE","l10n_tr_chart.tr_chart_template"
"t438",438,"Kamuya Olan Ertelenmiş Veya Taksitlendirilmiş Borçlar","account.data_account_type_non_current_liabilities","FALSE","l10n_tr_chart.tr_chart_template"
"t439",439,"Diğer Çeşitli Borçlar","account.data_account_type_non_current_liabilities","FALSE","l10n_tr_chart.tr_chart_template"
"t440",440,"Alınan Sipariş Avansları","account.data_account_type_non_current_liabilities","FALSE","l10n_tr_chart.tr_chart_template"
"t449",449,"Alınan Diğer Avanslar","account.data_account_type_non_current_liabilities","FALSE","l10n_tr_chart.tr_chart_template"
"t472",472,"Kıdem Tazminatı Karşılığı","account.data_account_type_non_current_liabilities","FALSE","l10n_tr_chart.tr_chart_template"
"t479",479,"Diğer Borç Ve Gider Karşılıkları","account.data_account_type_non_current_liabilities","FALSE","l10n_tr_chart.tr_chart_template"
"t480",480,"Gelecek Yıllara Ait Gelirler","account.data_account_type_non_current_liabilities","FALSE","l10n_tr_chart.tr_chart_template"
"t481",481,"Gider Tahakkukları","account.data_account_type_non_current_liabilities","FALSE","l10n_tr_chart.tr_chart_template"
"t492",492,"Gelecek Yıllara Ertelenen Veya Terkin Edilen Katma Değer Vergisi","account.data_account_type_non_current_liabilities","FALSE","l10n_tr_chart.tr_chart_template"
"t493",493,"Tesise Katılma Payları","account.data_account_type_non_current_liabilities","FALSE","l10n_tr_chart.tr_chart_template"
"t499",499,"Diğer Çeşitli Uzun Vadeli Yabancı Kaynaklar","account.data_account_type_non_current_liabilities","FALSE","l10n_tr_chart.tr_chart_template"
"t500",500,"Sermaye","account.data_account_type_equity","FALSE","l10n_tr_chart.tr_chart_template"
"t501",501,"Ödenmemiş Sermaye (-)","account.data_account_type_equity","FALSE","l10n_tr_chart.tr_chart_template"
"t520",520,"Hisse Senetleri İhraç Primleri","account.data_account_type_equity","FALSE","l10n_tr_chart.tr_chart_template"
"t521",521,"Hisse Senedi İptal Kârları","account.data_account_type_equity","FALSE","l10n_tr_chart.tr_chart_template"
"t522",522,"Maddi Duran Varlık Yeniden Değerlenme Artışları","account.data_account_type_equity","FALSE","l10n_tr_chart.tr_chart_template"
"t523",523,"İştirakler Yeniden Değerleme Artışları","account.data_account_type_equity","FALSE","l10n_tr_chart.tr_chart_template"
"t529",529,"Diğer Sermaye Yedekleri","account.data_account_type_equity","FALSE","l10n_tr_chart.tr_chart_template"
"t540",540,"Yasal Yedekler","account.data_account_type_equity","FALSE","l10n_tr_chart.tr_chart_template"
"t541",541,"Statü Yedekleri","account.data_account_type_equity","FALSE","l10n_tr_chart.tr_chart_template"
"t542",542,"Olağanüstü Yedekler","account.data_account_type_equity","FALSE","l10n_tr_chart.tr_chart_template"
"t548",548,"Diğer Kâr Yedekleri","account.data_account_type_equity","FALSE","l10n_tr_chart.tr_chart_template"
"t549",549,"Özel Fonlar","account.data_account_type_equity","FALSE","l10n_tr_chart.tr_chart_template"
"t570",570,"Geçmiş Yıllar Kârları","account.data_account_type_equity","FALSE","l10n_tr_chart.tr_chart_template"
"t580",580,"Geçmiş Yıllar Zararları (-)","account.data_account_type_equity","FALSE","l10n_tr_chart.tr_chart_template"
"t590",590,"Dönem Net Kârı","account.data_account_type_equity","FALSE","l10n_tr_chart.tr_chart_template"
"t591",591,"Dönem Net Zararı (-)","account.data_account_type_equity","FALSE","l10n_tr_chart.tr_chart_template"
"t600",600,"Yurt İçi Satışlar","account.data_account_type_revenue","FALSE","l10n_tr_chart.tr_chart_template"
"t601",601,"Yurt Dışı Satışlar","account.data_account_type_revenue","FALSE","l10n_tr_chart.tr_chart_template"
"t602",602,"Diğer Gelirler","account.data_account_type_revenue","FALSE","l10n_tr_chart.tr_chart_template"
"t610",610,"Satıştan İadeler (-)","account.data_account_type_revenue","FALSE","l10n_tr_chart.tr_chart_template"
"t611",611,"Satış İskontoları (-)","account.data_account_type_revenue","FALSE","l10n_tr_chart.tr_chart_template"
"t612",612,"Diğer İndirimler (-)","account.data_account_type_revenue","FALSE","l10n_tr_chart.tr_chart_template"
"t620",620,"Satılan Mamuller Maliyeti (-)","account.data_account_type_direct_costs","FALSE","l10n_tr_chart.tr_chart_template"
"t621",621,"Satılan Ticari Mallar Maliyeti (-)","account.data_account_type_direct_costs","FALSE","l10n_tr_chart.tr_chart_template"
"t622",622,"Satılan Hizmet Maliyeti (-)","account.data_account_type_direct_costs","FALSE","l10n_tr_chart.tr_chart_template"
"t623",623,"Diğer Satışların Maliyeti (-)","account.data_account_type_direct_costs","FALSE","l10n_tr_chart.tr_chart_template"
"t630",630,"Araştırma Ve Geliştirme Giderleri (-)","account.data_account_type_expenses","FALSE","l10n_tr_chart.tr_chart_template"
"t631",631,"Pazarlama Satış Ve Dağıtım Giderleri","account.data_account_type_expenses","FALSE","l10n_tr_chart.tr_chart_template"
"t632",632,"Genel Yönetim Giderleri (-)","account.data_account_type_expenses","FALSE","l10n_tr_chart.tr_chart_template"
"t640",640,"İştiraklerden Temettü Gelirleri","account.data_account_type_revenue","FALSE","l10n_tr_chart.tr_chart_template"
"t641",641,"Bağlı Ortaklıklardan Temettü Gelirleri","account.data_account_type_revenue","FALSE","l10n_tr_chart.tr_chart_template"
"t642",642,"Faiz Gelirleri","account.data_account_type_revenue","FALSE","l10n_tr_chart.tr_chart_template"
"t643",643,"Komisyon Gelirleri","account.data_account_type_revenue","FALSE","l10n_tr_chart.tr_chart_template"
"t644",644,"Konusu Kalmayan Karşılıklar","account.data_account_type_revenue","FALSE","l10n_tr_chart.tr_chart_template"
"t649",649,"Faaliyetle İlgili Diğer Gelir ve Kârlar","account.data_account_type_revenue","FALSE","l10n_tr_chart.tr_chart_template"
"t652",652,"Reeskont Faiz Giderleri (-)","account.data_account_type_expenses","FALSE","l10n_tr_chart.tr_chart_template"
"t653",653,"Komisyon Giderleri (-)","account.data_account_type_expenses","FALSE","l10n_tr_chart.tr_chart_template"
"t654",654,"Karşılık Giderleri (-)","account.data_account_type_expenses","FALSE","l10n_tr_chart.tr_chart_template"
"t659",659,"Diğer Gider Ve Zararlar (-)","account.data_account_type_expenses","FALSE","l10n_tr_chart.tr_chart_template"
"t660",660,"Kısa Vadeli Borçlanma Giderleri (-)","account.data_account_type_expenses","FALSE","l10n_tr_chart.tr_chart_template"
"t661",661,"Uzun Vadeli Borçlanma Giderleri (-)","account.data_account_type_expenses","FALSE","l10n_tr_chart.tr_chart_template"
"t671",671,"Önceki Dönem Gelir Ve Kârları","account.data_account_type_revenue","FALSE","l10n_tr_chart.tr_chart_template"
"t679",679,"Diğer Olağan Dışı Gelir Ve Kârlar","account.data_account_type_revenue","FALSE","l10n_tr_chart.tr_chart_template"
"t680",680,"Çalışmayan Kısım Gider Ve Zararları (-)","account.data_account_type_expenses","FALSE","l10n_tr_chart.tr_chart_template"
"t681",681,"Önceki Dönem Gider Ve Zararları (-)","account.data_account_type_expenses","FALSE","l10n_tr_chart.tr_chart_template"
"t689",689,"Diğer Olağan Dışı Gider Ve Zararlar (-)","account.data_account_type_expenses","FALSE","l10n_tr_chart.tr_chart_template"
"t690",690,"Dönem Kârı Veya Zararı","account.data_account_type_expenses","FALSE","l10n_tr_chart.tr_chart_template"
"t691",691,"Dönem Kârı Vergi Ve Diğer Yasal Yükümlülük Karşılıkları (-)","account.data_account_type_expenses","FALSE","l10n_tr_chart.tr_chart_template"
"t692",692,"Dönem Net Kârı Veya Zararı","account.data_account_type_expenses","FALSE","l10n_tr_chart.tr_chart_template"
"t700",700,"Maliyet Muhasebesi Bağlantı Hesabı","account.data_account_type_expenses","FALSE","l10n_tr_chart.tr_chart_template"
"t701",701,"Maliyet Muhasebesi Yansıtma Hesabı","account.data_account_type_expenses","FALSE","l10n_tr_chart.tr_chart_template"
"t710",710,"Direkt İlk Madde Ve Malzeme Giderleri Hesabı","account.data_account_type_expenses","FALSE","l10n_tr_chart.tr_chart_template"
"t711",711,"Direkt İlk Madde Ve Malzeme Yansıtma Hesabı","account.data_account_type_expenses","FALSE","l10n_tr_chart.tr_chart_template"
"t712",712,"Direkt İlk Madde Ve Malzeme Fiyat Farkı","account.data_account_type_expenses","FALSE","l10n_tr_chart.tr_chart_template"
"t713",713,"Direkt İlk Madde Ve Malzeme Miktar Farkı","account.data_account_type_expenses","FALSE","l10n_tr_chart.tr_chart_template"
"t720",720,"Direkt İşçilik Giderleri","account.data_account_type_expenses","FALSE","l10n_tr_chart.tr_chart_template"
"t721",721,"Direkt İşçilik Giderleri Yansıtma Hesabı","account.data_account_type_expenses","FALSE","l10n_tr_chart.tr_chart_template"
"t722",722,"Direkt İşçilik Ücret Farkları","account.data_account_type_expenses","FALSE","l10n_tr_chart.tr_chart_template"
"t723",723,"Direkt İşçilik Süre Farkları","account.data_account_type_expenses","FALSE","l10n_tr_chart.tr_chart_template"
"t730",730,"Genel Üretim Giderleri","account.data_account_type_expenses","FALSE","l10n_tr_chart.tr_chart_template"
"t731",731,"Genel Üretim Giderleri Yansıtma Hesabı","account.data_account_type_expenses","FALSE","l10n_tr_chart.tr_chart_template"
"t732",732,"Genel Üretim Giderleri Bütçe Farkları","account.data_account_type_expenses","FALSE","l10n_tr_chart.tr_chart_template"
"t733",733,"Genel Üretim Giderleri Verimlilik Giderleri","account.data_account_type_expenses","FALSE","l10n_tr_chart.tr_chart_template"
"t734",734,"Genel Üretim Giderleri Kapasite Farkları","account.data_account_type_expenses","FALSE","l10n_tr_chart.tr_chart_template"
"t740",740,"Hizmet Üretim Maliyeti","account.data_account_type_expenses","FALSE","l10n_tr_chart.tr_chart_template"
"t741",741,"Hizmet Üretim Maliyeti Yansıtma Hesabı","account.data_account_type_expenses","FALSE","l10n_tr_chart.tr_chart_template"
"t742",742,"Hizmet Üretim Maliyeti Fark Hesapları","account.data_account_type_expenses","FALSE","l10n_tr_chart.tr_chart_template"
"t750",750,"Araştırma ve Geliştirme Giderleri","account.data_account_type_expenses","FALSE","l10n_tr_chart.tr_chart_template"
"t751",751,"Araştırma ve Geliştirme Giderleri Yansıtma Hesabı","account.data_account_type_expenses","FALSE","l10n_tr_chart.tr_chart_template"
"t752",752,"Araştırma ve Geliştirme Giderleri Farkları","account.data_account_type_expenses","FALSE","l10n_tr_chart.tr_chart_template"
"t760",760,"Pazarlama Satış ve Dağıtım Giderleri","account.data_account_type_expenses","FALSE","l10n_tr_chart.tr_chart_template"
"t761",761,"Pazarlama Satış Ve Dagıtım Giderleri Yansıtma Hesabı","account.data_account_type_expenses","FALSE","l10n_tr_chart.tr_chart_template"
"t762",762,"Pazarlama Satış Ve Dağıtım Giderleri Fark Hesabı","account.data_account_type_expenses","FALSE","l10n_tr_chart.tr_chart_template"
"t770",770,"Genel Yönetim Giderleri","account.data_account_type_expenses","FALSE","l10n_tr_chart.tr_chart_template"
"t771",771,"Genel Yönetim Giderleri Yansıtma Hesabı","account.data_account_type_expenses","FALSE","l10n_tr_chart.tr_chart_template"
"t772",772,"Genel Yönetim Gider Farkları Hesabı","account.data_account_type_expenses","FALSE","l10n_tr_chart.tr_chart_template"
"t780",780,"Finansman Giderleri","account.data_account_type_expenses","FALSE","l10n_tr_chart.tr_chart_template"
"t781",781,"Finansman Giderleri Yansıtma Hesabı","account.data_account_type_expenses","FALSE","l10n_tr_chart.tr_chart_template"
"t782",782,"Finansman Giderleri Fark Hesabı","account.data_account_type_expenses","FALSE","l10n_tr_chart.tr_chart_template"
